entry_point_rl	entry_point_ap	vertical_angle	horizontal_angle	axial_angle	distance_advanced
-3800	-3200	72.48640852	324.0531809	0	3750
-1800	-3500	81.77253283	158.9997452	0	3750
